{"valid_idx": 0, "rouge1": 0.03734439834024896, "rouge2": 0.016632016632016633, "rougel": 0.03734439834024896, "rouge1_recall": 0.01950162513542795, "rouge2_recall": 0.008676789587852495, "rougel_recall": 0.01950162513542795}
{"valid_idx": 1, "rouge1": 0.015503875968992248, "rouge2": 0.0, "rougel": 0.015503875968992248, "rouge1_recall": 0.01282051282051282, "rouge2_recall": 0.0, "rougel_recall": 0.01282051282051282}
{"valid_idx": 2, "rouge1": 0.03773584905660377, "rouge2": 0.0, "rougel": 0.03773584905660377, "rouge1_recall": 0.023809523809523808, "rouge2_recall": 0.0, "rougel_recall": 0.023809523809523808}
{"valid_idx": 3, "rouge1": 0.2047244094488189, "rouge2": 0.08, "rougel": 0.17322834645669294, "rouge1_recall": 0.14130434782608695, "rouge2_recall": 0.054945054945054944, "rougel_recall": 0.11956521739130435}
{"valid_idx": 4, "rouge1": 0.0, "rouge2": 0.0, "rougel": 0.0, "rouge1_recall": 0.0, "rouge2_recall": 0.0, "rougel_recall": 0.0}
{"valid_idx": 5, "rouge1": 0.3604651162790698, "rouge2": 0.17647058823529413, "rougel": 0.3255813953488372, "rouge1_recall": 0.28703703703703703, "rouge2_recall": 0.14018691588785046, "rougel_recall": 0.25925925925925924}
{"valid_idx": 6, "rouge1": 0.17307692307692307, "rouge2": 0.058823529411764705, "rougel": 0.13461538461538464, "rouge1_recall": 0.1232876712328767, "rouge2_recall": 0.041666666666666664, "rougel_recall": 0.0958904109589041}
{"valid_idx": 7, "rouge1": 0.11538461538461538, "rouge2": 0.025806451612903226, "rougel": 0.11538461538461538, "rouge1_recall": 0.0661764705882353, "rouge2_recall": 0.014760147601476014, "rougel_recall": 0.0661764705882353}
{"valid_idx": 8, "rouge1": 0.0, "rouge2": 0.0, "rougel": 0.0, "rouge1_recall": 0.0, "rouge2_recall": 0.0, "rougel_recall": 0.0}
{"valid_idx": 9, "rouge1": 0.1744186046511628, "rouge2": 0.023529411764705885, "rougel": 0.13953488372093023, "rouge1_recall": 0.12096774193548387, "rouge2_recall": 0.016260162601626018, "rougel_recall": 0.0967741935483871}
{"valid_idx": 10, "rouge1": 0.0, "rouge2": 0.0, "rougel": 0.0, "rouge1_recall": 0.0, "rouge2_recall": 0.0, "rougel_recall": 0.0}
{"valid_idx": 11, "rouge1": 0.1619047619047619, "rouge2": 0.10576923076923078, "rougel": 0.14285714285714285, "rouge1_recall": 0.10119047619047619, "rouge2_recall": 0.0658682634730539, "rougel_recall": 0.08928571428571429}
{"valid_idx": 12, "rouge1": 0.05990016638935109, "rouge2": 0.030050083472454088, "rougel": 0.05990016638935109, "rouge1_recall": 0.03278688524590164, "rouge2_recall": 0.016423357664233577, "rougel_recall": 0.03278688524590164}
{"valid_idx": 13, "rouge1": 0.16363636363636364, "rouge2": 0.01851851851851852, "rougel": 0.1272727272727273, "rouge1_recall": 0.12, "rouge2_recall": 0.013513513513513514, "rougel_recall": 0.09333333333333334}
{"valid_idx": 14, "rouge1": 0.11450381679389311, "rouge2": 0.030769230769230767, "rougel": 0.1068702290076336, "rouge1_recall": 0.07537688442211055, "rouge2_recall": 0.020202020202020204, "rougel_recall": 0.07035175879396985}
{"valid_idx": 15, "rouge1": 0.3880597014925373, "rouge2": 0.1818181818181818, "rougel": 0.32835820895522383, "rouge1_recall": 0.4642857142857143, "rouge2_recall": 0.21818181818181817, "rougel_recall": 0.39285714285714285}
{"valid_idx": 16, "rouge1": 0.19444444444444445, "rouge2": 0.05714285714285715, "rougel": 0.16666666666666669, "rouge1_recall": 0.15555555555555556, "rouge2_recall": 0.045454545454545456, "rougel_recall": 0.13333333333333333}
{"valid_idx": 17, "rouge1": 0.1818181818181818, "rouge2": 0.09523809523809525, "rougel": 0.1818181818181818, "rouge1_recall": 0.17391304347826086, "rouge2_recall": 0.09090909090909091, "rougel_recall": 0.17391304347826086}
{"valid_idx": 18, "rouge1": 0.08333333333333333, "rouge2": 0.05714285714285715, "rougel": 0.08333333333333333, "rouge1_recall": 0.061224489795918366, "rouge2_recall": 0.041666666666666664, "rougel_recall": 0.061224489795918366}
{"valid_idx": 19, "rouge1": 0.1692307692307692, "rouge2": 0.0, "rougel": 0.15384615384615385, "rouge1_recall": 0.15942028985507245, "rouge2_recall": 0.0, "rougel_recall": 0.14492753623188406}
{"valid_idx": 20, "rouge1": 0.16000000000000003, "rouge2": 0.09459459459459459, "rougel": 0.16000000000000003, "rouge1_recall": 0.10084033613445378, "rouge2_recall": 0.059322033898305086, "rougel_recall": 0.10084033613445378}
{"valid_idx": 21, "rouge1": 0.048484848484848485, "rouge2": 0.0, "rougel": 0.048484848484848485, "rouge1_recall": 0.02857142857142857, "rouge2_recall": 0.0, "rougel_recall": 0.02857142857142857}
{"valid_idx": 22, "rouge1": 0.039603960396039604, "rouge2": 0.0, "rougel": 0.039603960396039604, "rouge1_recall": 0.02531645569620253, "rouge2_recall": 0.0, "rougel_recall": 0.02531645569620253}
{"valid_idx": 23, "rouge1": 0.08135593220338982, "rouge2": 0.05432937181663837, "rougel": 0.07796610169491525, "rouge1_recall": 0.04336043360433604, "rouge2_recall": 0.028933092224231464, "rougel_recall": 0.04155374887082204}
{"valid_idx": 24, "rouge1": 0.02694136291600634, "rouge2": 0.006349206349206348, "rougel": 0.02694136291600634, "rouge1_recall": 0.013957307060755337, "rouge2_recall": 0.003286770747740345, "rougel_recall": 0.013957307060755337}
{"valid_idx": 25, "rouge1": 0.24050632911392406, "rouge2": 0.11538461538461538, "rougel": 0.20253164556962025, "rouge1_recall": 0.2375, "rouge2_recall": 0.11392405063291139, "rougel_recall": 0.2}
{"valid_idx": 26, "rouge1": 0.20408163265306123, "rouge2": 0.1702127659574468, "rougel": 0.20408163265306123, "rouge1_recall": 0.2777777777777778, "rouge2_recall": 0.23529411764705882, "rougel_recall": 0.2777777777777778}
{"valid_idx": 27, "rouge1": 0.0, "rouge2": 0.0, "rougel": 0.0, "rouge1_recall": 0.0, "rouge2_recall": 0.0, "rougel_recall": 0.0}
{"valid_idx": 28, "rouge1": 0.07619047619047618, "rouge2": 0.052631578947368425, "rougel": 0.07619047619047618, "rouge1_recall": 0.04336043360433604, "rouge2_recall": 0.029891304347826088, "rougel_recall": 0.04336043360433604}
{"valid_idx": 29, "rouge1": 0.4507042253521127, "rouge2": 0.2608695652173913, "rougel": 0.36619718309859156, "rouge1_recall": 0.7619047619047619, "rouge2_recall": 0.45, "rougel_recall": 0.6190476190476191}
{"valid_idx": 30, "rouge1": 0.03582089552238806, "rouge2": 0.006006006006006006, "rougel": 0.03582089552238806, "rouge1_recall": 0.046153846153846156, "rouge2_recall": 0.007751937984496124, "rougel_recall": 0.046153846153846156}
{"valid_idx": 31, "rouge1": 0.20392156862745098, "rouge2": 0.15019762845849802, "rougel": 0.17254901960784313, "rouge1_recall": 0.13541666666666666, "rouge2_recall": 0.09947643979057591, "rougel_recall": 0.11458333333333333}
{"valid_idx": 32, "rouge1": 0.25157232704402516, "rouge2": 0.11464968152866241, "rougel": 0.22641509433962267, "rouge1_recall": 0.17094017094017094, "rouge2_recall": 0.07758620689655173, "rougel_recall": 0.15384615384615385}
{"valid_idx": 33, "rouge1": 0.0875912408759124, "rouge2": 0.0, "rougel": 0.0875912408759124, "rouge1_recall": 0.13636363636363635, "rouge2_recall": 0.0, "rougel_recall": 0.13636363636363635}
{"valid_idx": 34, "rouge1": 0.16901408450704225, "rouge2": 0.08571428571428572, "rougel": 0.15492957746478875, "rouge1_recall": 0.10909090909090909, "rouge2_recall": 0.05504587155963303, "rougel_recall": 0.1}
{"valid_idx": 35, "rouge1": 0.07317073170731707, "rouge2": 0.049999999999999996, "rougel": 0.07317073170731707, "rouge1_recall": 0.047619047619047616, "rouge2_recall": 0.03225806451612903, "rougel_recall": 0.047619047619047616}
{"valid_idx": 36, "rouge1": 0.2054794520547945, "rouge2": 0.1527777777777778, "rougel": 0.2054794520547945, "rouge1_recall": 0.16853932584269662, "rouge2_recall": 0.125, "rougel_recall": 0.16853932584269662}
{"valid_idx": 37, "rouge1": 0.23976608187134504, "rouge2": 0.09411764705882354, "rougel": 0.1695906432748538, "rouge1_recall": 0.15708812260536398, "rouge2_recall": 0.06153846153846154, "rougel_recall": 0.1111111111111111}
{"valid_idx": 38, "rouge1": 0.08426966292134831, "rouge2": 0.05084745762711864, "rougel": 0.08426966292134831,