{"epoch": 0, "train_epoch_loss": 2.793984889984131, "train_epoch_perplexity": 16.346027374267578, "val_epoch_loss": 2.262120008468628, "val_epoch_perplexity": 9.603426933288574}
{"epoch": 1, "train_epoch_loss": 2.103896141052246, "train_epoch_perplexity": 8.19804859161377, "val_epoch_loss": 1.9540424346923828, "val_epoch_perplexity": 7.05715799331665}
{"epoch": 2, "train_epoch_loss": 1.8005670309066772, "train_epoch_perplexity": 6.053078651428223, "val_epoch_loss": 1.7179299592971802, "val_epoch_perplexity": 5.572979927062988}
{"epoch": 3, "train_epoch_loss": 1.5390760898590088, "train_epoch_perplexity": 4.660282611846924, "val_epoch_loss": 1.4867647886276245, "val_epoch_perplexity": 4.422763824462891}
{"epoch": 4, "train_epoch_loss": 1.3055733442306519, "train_epoch_perplexity": 3.6898038387298584, "val_epoch_loss": 1.2769098281860352, "val_epoch_perplexity": 3.585542678833008}
{"epoch": 5, "train_epoch_loss": 1.0978947877883911, "train_epoch_perplexity": 2.9978480339050293, "val_epoch_loss": 1.1115370988845825, "val_epoch_perplexity": 3.0390260219573975}
{"epoch": 6, "train_epoch_loss": 0.9234917163848877, "train_epoch_perplexity": 2.5180673599243164, "val_epoch_loss": 0.945784866809845, "val_epoch_perplexity": 2.574833393096924}
{"epoch": 7, "train_epoch_loss": 0.7742879390716553, "train_epoch_perplexity": 2.1690471172332764, "val_epoch_loss": 0.8133000135421753, "val_epoch_perplexity": 2.255338430404663}
{"epoch": 8, "train_epoch_loss": 0.6480578780174255, "train_epoch_perplexity": 1.9118242263793945, "val_epoch_loss": 0.6890056729316711, "val_epoch_perplexity": 1.9917340278625488}
{"epoch": 9, "train_epoch_loss": 0.5433310866355896, "train_epoch_perplexity": 1.7217326164245605, "val_epoch_loss": 0.5721911191940308, "val_epoch_perplexity": 1.7721457481384277}
{"epoch": 10, "train_epoch_loss": 0.4499611258506775, "train_epoch_perplexity": 1.5682512521743774, "val_epoch_loss": 0.4963507652282715, "val_epoch_perplexity": 1.642715573310852}
{"epoch": 11, "train_epoch_loss": 0.37700024247169495, "train_epoch_perplexity": 1.4579046964645386, "val_epoch_loss": 0.4197644889354706, "val_epoch_perplexity": 1.5216032266616821}
{"epoch": 12, "train_epoch_loss": 0.319341778755188, "train_epoch_perplexity": 1.3762216567993164, "val_epoch_loss": 0.34621936082839966, "val_epoch_perplexity": 1.413712739944458}
{"epoch": 13, "train_epoch_loss": 0.26567667722702026, "train_epoch_perplexity": 1.3043133020401, "val_epoch_loss": 0.29912444949150085, "val_epoch_perplexity": 1.348677396774292}
{"epoch": 14, "train_epoch_loss": 0.22516682744026184, "train_epoch_perplexity": 1.25253164768219, "val_epoch_loss": 0.2459297627210617, "val_epoch_perplexity": 1.2788097858428955}
{"epoch": 15, "train_epoch_loss": 0.19140641391277313, "train_epoch_perplexity": 1.2109514474868774, "val_epoch_loss": 0.21556250751018524, "val_epoch_perplexity": 1.2405595779418945}
{"epoch": 16, "train_epoch_loss": 0.16332416236400604, "train_epoch_perplexity": 1.1774183511734009, "val_epoch_loss": 0.1755414456129074, "val_epoch_perplexity": 1.1918914318084717}
{"epoch": 17, "train_epoch_loss": 0.14151856303215027, "train_epoch_perplexity": 1.152021884918213, "val_epoch_loss": 0.1539197713136673, "val_epoch_perplexity": 1.1663973331451416}
{"epoch": 18, "train_epoch_loss": 0.12215054780244827, "train_epoch_perplexity": 1.1299241781234741, "val_epoch_loss": 0.13888069987297058, "val_epoch_perplexity": 1.148987054824829}
{"epoch": 19, "train_epoch_loss": 0.10574449598789215, "train_epoch_perplexity": 1.1115378141403198, "val_epoch_loss": 0.11481024324893951, "val_epoch_perplexity": 1.121660590171814}
{"epoch": 20, "train_epoch_loss": 0.09062131494283676, "train_epoch_perplexity": 1.0948542356491089, "val_epoch_loss": 0.09273157268762589, "val_epoch_perplexity": 1.0971671342849731}
{"epoch": 21, "train_epoch_loss": 0.09605797380208969, "train_epoch_perplexity": 1.100822925567627, "val_epoch_loss": 0.08638607710599899, "val_epoch_perplexity": 1.0902271270751953}
{"epoch": 22, "train_epoch_loss": 0.06665609031915665, "train_epoch_perplexity": 1.0689277648925781, "val_epoch_loss": 0.06135557219386101, "val_epoch_perplexity": 1.063277006149292}
{"epoch": 23, "train_epoch_loss": 0.07398083060979843, "train_epoch_perplexity": 1.0767861604690552, "val_epoch_loss": 0.07019942253828049, "val_epoch_perplexity": 1.07272207736969}
{"epoch": 24, "train_epoch_loss": 0.055498797446489334, "train_epoch_perplexity": 1.0570677518844604, "val_epoch_loss": 0.06562480330467224, "val_epoch_perplexity": 1.0678259134292603}
{"epoch": 25, "train_epoch_loss": 0.05802673473954201, "train_epoch_perplexity": 1.0597434043884277, "val_epoch_loss": 0.05162800848484039, "val_epoch_perplexity": 1.0529839992523193}
{"epoch": 26, "train_epoch_loss": 0.05472540482878685, "train_epoch_perplexity": 1.0562504529953003, "val_epoch_loss": 0.07302713394165039, "val_epoch_perplexity": 1.075759768486023}
{"epoch": 27, "train_epoch_loss": 0.043263085186481476, "train_epoch_perplexity": 1.0442125797271729, "val_epoch_loss": 0.03370288759469986, "val_epoch_perplexity": 1.034277319908142}
{"epoch": 28, "train_epoch_loss": 0.05461033806204796, "train_epoch_perplexity": 1.056128978729248, "val_epoch_loss": 0.04643567278981209, "val_epoch_perplexity": 1.0475306510925293}
{"epoch": 29, "train_epoch_loss": 0.03277863189578056, "train_epoch_perplexity": 1.033321738243103, "val_epoch_loss": 0.027084587141871452, "val_epoch_perplexity": 1.0274547338485718}
