{"epoch": 0, "train_epoch_loss": 3.1193790435791016, "train_epoch_perplexity": 22.632322311401367, "val_epoch_loss": 2.618192672729492, "val_epoch_perplexity": 13.710920333862305}
{"epoch": 1, "train_epoch_loss": 2.541973352432251, "train_epoch_perplexity": 12.704717636108398, "val_epoch_loss": 2.4518680572509766, "val_epoch_perplexity": 11.610014915466309}
{"epoch": 2, "train_epoch_loss": 2.4064457416534424, "train_epoch_perplexity": 11.09445858001709, "val_epoch_loss": 2.374345064163208, "val_epoch_perplexity": 10.743974685668945}
{"epoch": 3, "train_epoch_loss": 2.3243227005004883, "train_epoch_perplexity": 10.219756126403809, "val_epoch_loss": 2.333862066268921, "val_epoch_perplexity": 10.317712783813477}
{"epoch": 4, "train_epoch_loss": 2.263672113418579, "train_epoch_perplexity": 9.6183443069458, "val_epoch_loss": 2.3044052124023438, "val_epoch_perplexity": 10.018218040466309}
{"epoch": 5, "train_epoch_loss": 2.2141079902648926, "train_epoch_perplexity": 9.153240203857422, "val_epoch_loss": 2.285537004470825, "val_epoch_perplexity": 9.830964088439941}
{"epoch": 6, "train_epoch_loss": 2.171886920928955, "train_epoch_perplexity": 8.774825096130371, "val_epoch_loss": 2.273855686187744, "val_epoch_perplexity": 9.71679401397705}
{"epoch": 7, "train_epoch_loss": 2.1337924003601074, "train_epoch_perplexity": 8.446840286254883, "val_epoch_loss": 2.266188144683838, "val_epoch_perplexity": 9.642574310302734}
{"epoch": 8, "train_epoch_loss": 2.0999083518981934, "train_epoch_perplexity": 8.165421485900879, "val_epoch_loss": 2.2578325271606445, "val_epoch_perplexity": 9.562339782714844}
{"epoch": 9, "train_epoch_loss": 2.0676369667053223, "train_epoch_perplexity": 7.906118869781494, "val_epoch_loss": 2.2585885524749756, "val_epoch_perplexity": 9.569572448730469}
{"epoch": 10, "train_epoch_loss": 2.037189483642578, "train_epoch_perplexity": 7.669025421142578, "val_epoch_loss": 2.2612457275390625, "val_epoch_perplexity": 9.5950345993042}
{"epoch": 11, "train_epoch_loss": 2.0079538822174072, "train_epoch_perplexity": 7.448062419891357, "val_epoch_loss": 2.2634406089782715, "val_epoch_perplexity": 9.616117477416992}
{"epoch": 12, "train_epoch_loss": 1.9806246757507324, "train_epoch_perplexity": 7.2472686767578125, "val_epoch_loss": 2.259906768798828, "val_epoch_perplexity": 9.582195281982422}
{"epoch": 13, "train_epoch_loss": 1.9519299268722534, "train_epoch_perplexity": 7.04226541519165, "val_epoch_loss": 2.265883445739746, "val_epoch_perplexity": 9.639636039733887}
{"epoch": 14, "train_epoch_loss": 1.92526376247406, "train_epoch_perplexity": 6.856956958770752, "val_epoch_loss": 2.270346164703369, "val_epoch_perplexity": 9.682751655578613}
{"epoch": 15, "train_epoch_loss": 1.900080919265747, "train_epoch_perplexity": 6.686435699462891, "val_epoch_loss": 2.282896041870117, "val_epoch_perplexity": 9.805034637451172}
{"epoch": 16, "train_epoch_loss": 1.8726706504821777, "train_epoch_perplexity": 6.505648136138916, "val_epoch_loss": 2.2896008491516113, "val_epoch_perplexity": 9.870996475219727}
{"epoch": 17, "train_epoch_loss": 1.8477522134780884, "train_epoch_perplexity": 6.345540523529053, "val_epoch_loss": 2.3072757720947266, "val_epoch_perplexity": 10.047017097473145}
{"epoch": 18, "train_epoch_loss": 1.8222030401229858, "train_epoch_perplexity": 6.185470104217529, "val_epoch_loss": 2.304666757583618, "val_epoch_perplexity": 10.020838737487793}
{"epoch": 19, "train_epoch_loss": 1.7957996129989624, "train_epoch_perplexity": 6.024290084838867, "val_epoch_loss": 2.32171368598938, "val_epoch_perplexity": 10.193126678466797}
{"epoch": 20, "train_epoch_loss": 1.7712026834487915, "train_epoch_perplexity": 5.877918720245361, "val_epoch_loss": 2.3174164295196533, "val_epoch_perplexity": 10.149418830871582}
{"epoch": 21, "train_epoch_loss": 1.7460283041000366, "train_epoch_perplexity": 5.731792449951172, "val_epoch_loss": 2.3255321979522705, "val_epoch_perplexity": 10.232124328613281}
{"epoch": 22, "train_epoch_loss": 1.7208341360092163, "train_epoch_perplexity": 5.589188575744629, "val_epoch_loss": 2.356382369995117, "val_epoch_perplexity": 10.552706718444824}
{"epoch": 23, "train_epoch_loss": 1.6962001323699951, "train_epoch_perplexity": 5.453186511993408, "val_epoch_loss": 2.3723678588867188, "val_epoch_perplexity": 10.722752571105957}
{"epoch": 24, "train_epoch_loss": 1.6709158420562744, "train_epoch_perplexity": 5.31703519821167, "val_epoch_loss": 2.373544216156006, "val_epoch_perplexity": 10.735373497009277}
{"epoch": 25, "train_epoch_loss": 1.646987795829773, "train_epoch_perplexity": 5.191318988800049, "val_epoch_loss": 2.3840866088867188, "val_epoch_perplexity": 10.849148750305176}
{"epoch": 26, "train_epoch_loss": 1.6221990585327148, "train_epoch_perplexity": 5.064214706420898, "val_epoch_loss": 2.4048116207122803, "val_epoch_perplexity": 11.07634449005127}
{"epoch": 27, "train_epoch_loss": 1.5971059799194336, "train_epoch_perplexity": 4.938719272613525, "val_epoch_loss": 2.3982551097869873, "val_epoch_perplexity": 11.003958702087402}
{"epoch": 28, "train_epoch_loss": 1.5731967687606812, "train_epoch_perplexity": 4.822038650512695, "val_epoch_loss": 2.4213337898254395, "val_epoch_perplexity": 11.260869026184082}
{"epoch": 29, "train_epoch_loss": 1.5487751960754395, "train_epoch_perplexity": 4.705703258514404, "val_epoch_loss": 2.4505677223205566, "val_epoch_perplexity": 11.594927787780762}
