{"valid_idx": 0, "rouge1": 0.10989010989010992, "rouge2": 0.06606606606606608, "rougel": 0.0999000999000999, "rouge1_recall": 0.059588299024918745, "rouge2_recall": 0.03579175704989154, "rougel_recall": 0.05417118093174431}
{"valid_idx": 1, "rouge1": 0.05714285714285715, "rouge2": 0.0, "rougel": 0.05714285714285715, "rouge1_recall": 0.038461538461538464, "rouge2_recall": 0.0, "rougel_recall": 0.038461538461538464}
{"valid_idx": 2, "rouge1": 0.1818181818181818, "rouge2": 0.1176470588235294, "rougel": 0.1818181818181818, "rouge1_recall": 0.13095238095238096, "rouge2_recall": 0.08433734939759036, "rougel_recall": 0.13095238095238096}
{"valid_idx": 3, "rouge1": 0.23188405797101447, "rouge2": 0.07352941176470587, "rougel": 0.18840579710144925, "rouge1_recall": 0.17391304347826086, "rouge2_recall": 0.054945054945054944, "rougel_recall": 0.14130434782608695}
{"valid_idx": 4, "rouge1": 0.14084507042253522, "rouge2": 0.028985507246376812, "rougel": 0.08450704225352113, "rouge1_recall": 0.125, "rouge2_recall": 0.02564102564102564, "rougel_recall": 0.075}
{"valid_idx": 5, "rouge1": 0.3777777777777778, "rouge2": 0.20224719101123592, "rougel": 0.27777777777777773, "rouge1_recall": 0.3148148148148148, "rouge2_recall": 0.16822429906542055, "rougel_recall": 0.23148148148148148}
{"valid_idx": 6, "rouge1": 0.14953271028037382, "rouge2": 0.05714285714285715, "rougel": 0.1308411214953271, "rouge1_recall": 0.1095890410958904, "rouge2_recall": 0.041666666666666664, "rougel_recall": 0.0958904109589041}
{"valid_idx": 7, "rouge1": 0.08974358974358974, "rouge2": 0.019354838709677417, "rougel": 0.07692307692307693, "rouge1_recall": 0.051470588235294115, "rouge2_recall": 0.01107011070110701, "rougel_recall": 0.04411764705882353}
{"valid_idx": 8, "rouge1": 0.2716049382716049, "rouge2": 0.025316455696202528, "rougel": 0.14814814814814814, "rouge1_recall": 0.2972972972972973, "rouge2_recall": 0.027777777777777776, "rougel_recall": 0.16216216216216217}
{"valid_idx": 9, "rouge1": 0.05050505050505051, "rouge2": 0.005076142131979695, "rougel": 0.03535353535353535, "rouge1_recall": 0.08064516129032258, "rouge2_recall": 0.008130081300813009, "rougel_recall": 0.056451612903225805}
{"valid_idx": 10, "rouge1": 0.05, "rouge2": 0.0, "rougel": 0.05, "rouge1_recall": 0.125, "rouge2_recall": 0.0, "rougel_recall": 0.125}
{"valid_idx": 11, "rouge1": 0.26556016597510373, "rouge2": 0.1087866108786611, "rougel": 0.2074688796680498, "rouge1_recall": 0.19047619047619047, "rouge2_recall": 0.07784431137724551, "rougel_recall": 0.1488095238095238}
{"valid_idx": 12, "rouge1": 0.051020408163265314, "rouge2": 0.020477815699658706, "rougel": 0.04421768707482993, "rouge1_recall": 0.0273224043715847, "rouge2_recall": 0.010948905109489052, "rougel_recall": 0.023679417122040074}
{"valid_idx": 13, "rouge1": 0.2204724409448819, "rouge2": 0.016, "rougel": 0.14173228346456693, "rouge1_recall": 0.18666666666666668, "rouge2_recall": 0.013513513513513514, "rougel_recall": 0.12}
{"valid_idx": 14, "rouge1": 0.27906976744186046, "rouge2": 0.046822742474916385, "rougel": 0.17940199335548174, "rouge1_recall": 0.21105527638190955, "rouge2_recall": 0.03535353535353535, "rougel_recall": 0.135678391959799}
{"valid_idx": 15, "rouge1": 0.3619047619047619, "rouge2": 0.19417475728155342, "rougel": 0.32380952380952377, "rouge1_recall": 0.3392857142857143, "rouge2_recall": 0.18181818181818182, "rougel_recall": 0.30357142857142855}
{"valid_idx": 16, "rouge1": 0.2608695652173913, "rouge2": 0.035398230088495575, "rougel": 0.19130434782608693, "rouge1_recall": 0.3333333333333333, "rouge2_recall": 0.045454545454545456, "rougel_recall": 0.24444444444444444}
{"valid_idx": 17, "rouge1": 0.2857142857142857, "rouge2": 0.16, "rougel": 0.2857142857142857, "rouge1_recall": 0.4782608695652174, "rouge2_recall": 0.2727272727272727, "rougel_recall": 0.4782608695652174}
{"valid_idx": 18, "rouge1": 0.09638554216867469, "rouge2": 0.024691358024691357, "rougel": 0.048192771084337345, "rouge1_recall": 0.08163265306122448, "rouge2_recall": 0.020833333333333332, "rougel_recall": 0.04081632653061224}
{"valid_idx": 19, "rouge1": 0.09708737864077668, "rouge2": 0.019801980198019802, "rougel": 0.09708737864077668, "rouge1_recall": 0.07246376811594203, "rouge2_recall": 0.014705882352941176, "rougel_recall": 0.07246376811594203}
{"valid_idx": 20, "rouge1": 0.3229166666666667, "rouge2": 0.13684210526315788, "rougel": 0.2708333333333333, "rouge1_recall": 0.2605042016806723, "rouge2_recall": 0.11016949152542373, "rougel_recall": 0.2184873949579832}
{"valid_idx": 21, "rouge1": 0.15135135135135136, "rouge2": 0.02185792349726776, "rougel": 0.11891891891891893, "rouge1_recall": 0.1, "rouge2_recall": 0.014388489208633094, "rougel_recall": 0.07857142857142857}
{"valid_idx": 22, "rouge1": 0.3333333333333333, "rouge2": 0.05194805194805195, "rougel": 0.24358974358974356, "rouge1_recall": 0.3291139240506329, "rouge2_recall": 0.05128205128205128, "rougel_recall": 0.24050632911392406}
{"valid_idx": 23, "rouge1": 0.10587262200165425, "rouge2": 0.06130903065451533, "rougel": 0.09760132340777503, "rouge1_recall": 0.057813911472448055, "rouge2_recall": 0.03345388788426763, "rougel_recall": 0.053297199638663056}
{"valid_idx": 24, "rouge1": 0.06993006993006994, "rouge2": 0.045136186770428015, "rougel": 0.06682206682206682, "rouge1_recall": 0.03694581280788178, "rouge2_recall": 0.0238290879211175, "rougel_recall": 0.035303776683087026}
{"valid_idx": 25, "rouge1": 0.28571428571428575, "rouge2": 0.10144927536231885, "rougel": 0.2, "rouge1_recall": 0.25, "rouge2_recall": 0.08860759493670886, "rougel_recall": 0.175}
{"valid_idx": 26, "rouge1": 0.25, "rouge2": 0.14285714285714288, "rougel": 0.2222222222222222, "rouge1_recall": 0.5, "rouge2_recall": 0.29411764705882354, "rougel_recall": 0.4444444444444444}
{"valid_idx": 27, "rouge1": 0.027397260273972608, "rouge2": 0.006896551724137931, "rougel": 0.027397260273972608, "rouge1_recall": 0.015151515151515152, "rouge2_recall": 0.0038022813688212928, "rougel_recall": 0.015151515151515152}
{"valid_idx": 28, "rouge1": 0.06467661691542288, "rouge2": 0.049999999999999996, "rougel": 0.05970149253731344, "rouge1_recall": 0.03523035230352303, "rouge2_recall": 0.02717391304347826, "rougel_recall": 0.032520325203252036}
{"valid_idx": 29, "rouge1": 0.2857142857142857, "rouge2": 0.14814814814814817, "rougel": 0.2857142857142857, "rouge1_recall": 0.38095238095238093, "rouge2_recall": 0.2, "rougel_recall": 0.38095238095238093}
{"valid_idx": 30, "rouge1": 0.192090395480226, "rouge2": 0.04571428571428571, "rougel": 0.15819209039548024, "rouge1_recall": 0.13076923076923078, "rouge2_recall": 0.031007751937984496, "rougel_recall": 0.1076923076923077}
{"valid_idx": 31, "rouge1": 0.4429065743944636, "rouge2": 0.22996515679442506, "rougel": 0.31833910034602075, "rouge1_recall": 0.3333333333333333, "rouge2_recall": 0.17277486910994763, "rougel_recall": 0.23958333333333334}
{"valid_idx": 32, "rouge1": 0.3243243243243243, "rouge2": 0.12021857923497267, "rougel": 0.20540540540540544, "rouge1_recall": 0.2564102564102564, "rouge2_recall": 0.09482758620689655, "rougel_recall": 0.1623931623931624}
{"valid_idx": 33, "rouge1": 0.2857142857142857, "rouge2": 0.08333333333333333, "rougel": 0.24489795918367346, "rouge1_recall": 0.3181818181818182, "rouge2_recall": 0.09302325581395349, "rougel_recall": 0.2727272727272727}
{"valid_idx": 34, "rouge1": 0.1142857142857143, "rouge2": 0.011560693641618498, "rougel": 0.09142857142857143, "rouge1_recall": 0.09090909090909091, "rouge2_recall": 0.009174311926605505, "rougel_recall": 0.07272727272727272}
{"valid_idx": 35, "rouge1": 0.11235955056179774, "rouge2": 0.04597701149425287, "rougel": 0.0898876404494382, "rouge1_recall": 0.07936507936507936, "rouge2_recall": 0.03225806451612903, "rougel_recall": 0.06349206349206349}
{"valid_idx": 36, "rouge1": 0.3380281690140845, "rouge2": 0.12857142857142856, "rougel": 0.2676056338028169, "rouge1_recall": 0.2696629213483146, "rouge2_recall": 0.10227272727272728,