{"epoch": 0, "train_epoch_loss": 3.060189962387085, "train_epoch_perplexity": 21.331607818603516, "val_epoch_loss": 2.591127395629883, "val_epoch_perplexity": 13.344807624816895}
{"epoch": 1, "train_epoch_loss": 2.5103259086608887, "train_epoch_perplexity": 12.308940887451172, "val_epoch_loss": 2.439877986907959, "val_epoch_perplexity": 11.471641540527344}
{"epoch": 2, "train_epoch_loss": 2.3797762393951416, "train_epoch_perplexity": 10.802485466003418, "val_epoch_loss": 2.3769774436950684, "val_epoch_perplexity": 10.772294998168945}
{"epoch": 3, "train_epoch_loss": 2.300370216369629, "train_epoch_perplexity": 9.977875709533691, "val_epoch_loss": 2.338533401489258, "val_epoch_perplexity": 10.366023063659668}
{"epoch": 4, "train_epoch_loss": 2.2418549060821533, "train_epoch_perplexity": 9.410771369934082, "val_epoch_loss": 2.3173680305480957, "val_epoch_perplexity": 10.148927688598633}
{"epoch": 5, "train_epoch_loss": 2.1944658756256104, "train_epoch_perplexity": 8.975205421447754, "val_epoch_loss": 2.2989134788513184, "val_epoch_perplexity": 9.963350296020508}
{"epoch": 6, "train_epoch_loss": 2.153949737548828, "train_epoch_perplexity": 8.618833541870117, "val_epoch_loss": 2.287184476852417, "val_epoch_perplexity": 9.847173690795898}
{"epoch": 7, "train_epoch_loss": 2.1172640323638916, "train_epoch_perplexity": 8.308375358581543, "val_epoch_loss": 2.278324604034424, "val_epoch_perplexity": 9.76031494140625}
{"epoch": 8, "train_epoch_loss": 2.084418296813965, "train_epoch_perplexity": 8.039913177490234, "val_epoch_loss": 2.2735681533813477, "val_epoch_perplexity": 9.71399974822998}
{"epoch": 9, "train_epoch_loss": 2.0528111457824707, "train_epoch_perplexity": 7.789768218994141, "val_epoch_loss": 2.27352237701416, "val_epoch_perplexity": 9.713555335998535}
{"epoch": 10, "train_epoch_loss": 2.022854804992676, "train_epoch_perplexity": 7.559876441955566, "val_epoch_loss": 2.282064437866211, "val_epoch_perplexity": 9.796884536743164}
{"epoch": 11, "train_epoch_loss": 1.9943385124206543, "train_epoch_perplexity": 7.347341537475586, "val_epoch_loss": 2.2740461826324463, "val_epoch_perplexity": 9.718644142150879}
{"epoch": 12, "train_epoch_loss": 1.9673653841018677, "train_epoch_perplexity": 7.151810169219971, "val_epoch_loss": 2.278280735015869, "val_epoch_perplexity": 9.759885787963867}
{"epoch": 13, "train_epoch_loss": 1.940354347229004, "train_epoch_perplexity": 6.961217403411865, "val_epoch_loss": 2.277585506439209, "val_epoch_perplexity": 9.753103256225586}
{"epoch": 14, "train_epoch_loss": 1.9146655797958374, "train_epoch_perplexity": 6.784669876098633, "val_epoch_loss": 2.2808079719543457, "val_epoch_perplexity": 9.78458309173584}
{"epoch": 15, "train_epoch_loss": 1.8887920379638672, "train_epoch_perplexity": 6.611377716064453, "val_epoch_loss": 2.293405294418335, "val_epoch_perplexity": 9.908621788024902}
{"epoch": 16, "train_epoch_loss": 1.8636267185211182, "train_epoch_perplexity": 6.447076320648193, "val_epoch_loss": 2.303638219833374, "val_epoch_perplexity": 10.010536193847656}
{"epoch": 17, "train_epoch_loss": 1.8378061056137085, "train_epoch_perplexity": 6.282739639282227, "val_epoch_loss": 2.2937614917755127, "val_epoch_perplexity": 9.912152290344238}
{"epoch": 18, "train_epoch_loss": 1.8131879568099976, "train_epoch_perplexity": 6.129958629608154, "val_epoch_loss": 2.3225224018096924, "val_epoch_perplexity": 10.201374053955078}
{"epoch": 19, "train_epoch_loss": 1.7888360023498535, "train_epoch_perplexity": 5.982484817504883, "val_epoch_loss": 2.323842763900757, "val_epoch_perplexity": 10.214852333068848}
