{"epoch": 0, "train_epoch_loss": 0.8531899452209473, "train_epoch_perplexity": 2.3471221923828125, "val_epoch_loss": 0.7617915868759155, "val_epoch_perplexity": 2.142110586166382}
{"epoch": 1, "train_epoch_loss": 0.6774804592132568, "train_epoch_perplexity": 1.9689106941223145, "val_epoch_loss": 0.7293370366096497, "val_epoch_perplexity": 2.0737054347991943}
{"epoch": 2, "train_epoch_loss": 0.6270904541015625, "train_epoch_perplexity": 1.8721555471420288, "val_epoch_loss": 0.7185103297233582, "val_epoch_perplexity": 2.051375150680542}
{"epoch": 3, "train_epoch_loss": 0.5838531851768494, "train_epoch_perplexity": 1.792933702468872, "val_epoch_loss": 0.7168788909912109, "val_epoch_perplexity": 2.0480310916900635}
{"epoch": 4, "train_epoch_loss": 0.544404923915863, "train_epoch_perplexity": 1.7235825061798096, "val_epoch_loss": 0.7199459671974182, "val_epoch_perplexity": 2.0543222427368164}
{"epoch": 5, "train_epoch_loss": 0.5060902237892151, "train_epoch_perplexity": 1.6587929725646973, "val_epoch_loss": 0.7319631576538086, "val_epoch_perplexity": 2.079158306121826}
{"epoch": 6, "train_epoch_loss": 0.4680839478969574, "train_epoch_perplexity": 1.5969314575195312, "val_epoch_loss": 0.7369739413261414, "val_epoch_perplexity": 2.0896027088165283}
{"epoch": 7, "train_epoch_loss": 0.43219250440597534, "train_epoch_perplexity": 1.540631651878357, "val_epoch_loss": 0.7607573866844177, "val_epoch_perplexity": 2.1398963928222656}
{"epoch": 8, "train_epoch_loss": 0.39730703830718994, "train_epoch_perplexity": 1.4878126382827759, "val_epoch_loss": 0.7775628566741943, "val_epoch_perplexity": 2.1761622428894043}
{"epoch": 9, "train_epoch_loss": 0.3642803728580475, "train_epoch_perplexity": 1.439477801322937, "val_epoch_loss": 0.7933819890022278, "val_epoch_perplexity": 2.2108609676361084}
{"epoch": 10, "train_epoch_loss": 0.3326232135295868, "train_epoch_perplexity": 1.3946216106414795, "val_epoch_loss": 0.8436186909675598, "val_epoch_perplexity": 2.3247642517089844}
{"epoch": 11, "train_epoch_loss": 0.3031015992164612, "train_epoch_perplexity": 1.3540520668029785, "val_epoch_loss": 0.8671903014183044, "val_epoch_perplexity": 2.380213737487793}
{"epoch": 12, "train_epoch_loss": 0.27594777941703796, "train_epoch_perplexity": 1.3177790641784668, "val_epoch_loss": 0.9040326476097107, "val_epoch_perplexity": 2.4695417881011963}
{"epoch": 13, "train_epoch_loss": 0.2486017942428589, "train_epoch_perplexity": 1.282231330871582, "val_epoch_loss": 0.9106921553611755, "val_epoch_perplexity": 2.4860424995422363}
{"epoch": 14, "train_epoch_loss": 0.22553212940692902, "train_epoch_perplexity": 1.2529892921447754, "val_epoch_loss": 0.933786153793335, "val_epoch_perplexity": 2.544123411178589}
{"epoch": 15, "train_epoch_loss": 0.20337118208408356, "train_epoch_perplexity": 1.225527286529541, "val_epoch_loss": 0.9781987071037292, "val_epoch_perplexity": 2.659661054611206}
{"epoch": 16, "train_epoch_loss": 0.18313352763652802, "train_epoch_perplexity": 1.2009748220443726, "val_epoch_loss": 0.999535858631134, "val_epoch_perplexity": 2.7170205116271973}
{"epoch": 17, "train_epoch_loss": 0.16723495721817017, "train_epoch_perplexity": 1.1820319890975952, "val_epoch_loss": 1.0447014570236206, "val_epoch_perplexity": 2.8425498008728027}
{"epoch": 18, "train_epoch_loss": 0.1484425812959671, "train_epoch_perplexity": 1.1600261926651, "val_epoch_loss": 1.0534698963165283, "val_epoch_perplexity": 2.867583990097046}
{"epoch": 19, "train_epoch_loss": 0.13432173430919647, "train_epoch_perplexity": 1.1437606811523438, "val_epoch_loss": 1.0892950296401978, "val_epoch_perplexity": 2.9721779823303223}
