{"valid_idx": 0, "rouge1": 0.01675392670157068, "rouge2": 0.004197271773347324, "rougel": 0.01675392670157068, "rouge1_recall": 0.00866738894907909, "rouge2_recall": 0.0021691973969631237, "rougel_recall": 0.00866738894907909}
{"valid_idx": 1, "rouge1": 0.09259259259259259, "rouge2": 0.018867924528301886, "rougel": 0.09259259259259259, "rouge1_recall": 0.0641025641025641, "rouge2_recall": 0.012987012987012988, "rougel_recall": 0.0641025641025641}
{"valid_idx": 2, "rouge1": 0.08849557522123892, "rouge2": 0.03603603603603604, "rougel": 0.08849557522123892, "rouge1_recall": 0.05952380952380952, "rouge2_recall": 0.024096385542168676, "rougel_recall": 0.05952380952380952}
{"valid_idx": 3, "rouge1": 0.18840579710144925, "rouge2": 0.08823529411764705, "rougel": 0.15942028985507245, "rouge1_recall": 0.14130434782608695, "rouge2_recall": 0.06593406593406594, "rougel_recall": 0.11956521739130435}
{"valid_idx": 4, "rouge1": 0.11594202898550725, "rouge2": 0.0, "rougel": 0.08695652173913043, "rouge1_recall": 0.1, "rouge2_recall": 0.0, "rougel_recall": 0.075}
{"valid_idx": 5, "rouge1": 0.33939393939393936, "rouge2": 0.17177914110429446, "rougel": 0.2545454545454545, "rouge1_recall": 0.25925925925925924, "rouge2_recall": 0.1308411214953271, "rougel_recall": 0.19444444444444445}
{"valid_idx": 6, "rouge1": 0.1607142857142857, "rouge2": 0.07272727272727272, "rougel": 0.125, "rouge1_recall": 0.1232876712328767, "rouge2_recall": 0.05555555555555555, "rougel_recall": 0.0958904109589041}
{"valid_idx": 7, "rouge1": 0.12140575079872204, "rouge2": 0.05144694533762058, "rougel": 0.11501597444089456, "rouge1_recall": 0.06985294117647059, "rouge2_recall": 0.02952029520295203, "rougel_recall": 0.0661764705882353}
{"valid_idx": 8, "rouge1": 0.07017543859649122, "rouge2": 0.0, "rougel": 0.03508771929824561, "rouge1_recall": 0.05405405405405406, "rouge2_recall": 0.0, "rougel_recall": 0.02702702702702703}
{"valid_idx": 9, "rouge1": 0.19161676646706585, "rouge2": 0.012121212121212121, "rougel": 0.10778443113772455, "rouge1_recall": 0.12903225806451613, "rouge2_recall": 0.008130081300813009, "rougel_recall": 0.07258064516129033}
{"valid_idx": 10, "rouge1": 0.0, "rouge2": 0.0, "rougel": 0.0, "rouge1_recall": 0.0, "rouge2_recall": 0.0, "rougel_recall": 0.0}
{"valid_idx": 11, "rouge1": 0.1386138613861386, "rouge2": 0.06, "rougel": 0.1188118811881188, "rouge1_recall": 0.08333333333333333, "rouge2_recall": 0.03592814371257485, "rougel_recall": 0.07142857142857142}
{"valid_idx": 12, "rouge1": 0.03793103448275862, "rouge2": 0.02422145328719723, "rougel": 0.03793103448275862, "rouge1_recall": 0.020036429872495445, "rouge2_recall": 0.012773722627737226, "rougel_recall": 0.020036429872495445}
{"valid_idx": 13, "rouge1": 0.26548672566371684, "rouge2": 0.07207207207207209, "rougel": 0.1415929203539823, "rouge1_recall": 0.2, "rouge2_recall": 0.05405405405405406, "rougel_recall": 0.10666666666666667}
{"valid_idx": 14, "rouge1": 0.12552301255230125, "rouge2": 0.05063291139240506, "rougel": 0.1087866108786611, "rouge1_recall": 0.07537688442211055, "rouge2_recall": 0.030303030303030304, "rougel_recall": 0.06532663316582915}
{"valid_idx": 15, "rouge1": 0.3762376237623763, "rouge2": 0.22222222222222224, "rougel": 0.31683168316831684, "rouge1_recall": 0.3392857142857143, "rouge2_recall": 0.2, "rougel_recall": 0.2857142857142857}
{"valid_idx": 16, "rouge1": 0.18181818181818185, "rouge2": 0.08, "rougel": 0.15584415584415587, "rouge1_recall": 0.15555555555555556, "rouge2_recall": 0.06818181818181818, "rougel_recall": 0.13333333333333333}
{"valid_idx": 17, "rouge1": 0.34615384615384615, "rouge2": 0.16, "rougel": 0.34615384615384615, "rouge1_recall": 0.391304347826087, "rouge2_recall": 0.18181818181818182, "rougel_recall": 0.391304347826087}
{"valid_idx": 18, "rouge1": 0.12987012987012986, "rouge2": 0.05333333333333334, "rougel": 0.12987012987012986, "rouge1_recall": 0.10204081632653061, "rouge2_recall": 0.041666666666666664, "rougel_recall": 0.10204081632653061}
{"valid_idx": 19, "rouge1": 0.08421052631578947, "rouge2": 0.0, "rougel": 0.08421052631578947, "rouge1_recall": 0.057971014492753624, "rouge2_recall": 0.0, "rougel_recall": 0.057971014492753624}
{"valid_idx": 20, "rouge1": 0.22641509433962262, "rouge2": 0.14012738853503184, "rougel": 0.21383647798742136, "rouge1_recall": 0.15126050420168066, "rouge2_recall": 0.09322033898305085, "rougel_recall": 0.14285714285714285}
{"valid_idx": 21, "rouge1": 0.04790419161676646, "rouge2": 0.012121212121212123, "rougel": 0.04790419161676646, "rouge1_recall": 0.02857142857142857, "rouge2_recall": 0.007194244604316547, "rougel_recall": 0.02857142857142857}
{"valid_idx": 22, "rouge1": 0.14678899082568808, "rouge2": 0.05607476635514018, "rougel": 0.11009174311926605, "rouge1_recall": 0.10126582278481013, "rouge2_recall": 0.038461538461538464, "rougel_recall": 0.0759493670886076}
{"valid_idx": 23, "rouge1": 0.09113924050632911, "rouge2": 0.06762468300929839, "rougel": 0.08776371308016878, "rouge1_recall": 0.04878048780487805, "rouge2_recall": 0.03616636528028933, "rougel_recall": 0.04697380307136405}
{"valid_idx": 24, "rouge1": 0.03167062549485353, "rouge2": 0.00951625693893735, "rougel": 0.026920031670625497, "rouge1_recall": 0.016420361247947456, "rouge2_recall": 0.0049301561216105174, "rougel_recall": 0.013957307060755337}
{"valid_idx": 25, "rouge1": 0.23931623931623935, "rouge2": 0.1391304347826087, "rougel": 0.22222222222222224, "rouge1_recall": 0.175, "rouge2_recall": 0.10126582278481013, "rougel_recall": 0.1625}
{"valid_idx": 26, "rouge1": 0.26666666666666666, "rouge2": 0.186046511627907, "rougel": 0.26666666666666666, "rouge1_recall": 0.3333333333333333, "rouge2_recall": 0.23529411764705882, "rougel_recall": 0.3333333333333333}
{"valid_idx": 27, "rouge1": 0.007042253521126762, "rouge2": 0.0, "rougel": 0.007042253521126762, "rouge1_recall": 0.003787878787878788, "rouge2_recall": 0.0, "rougel_recall": 0.003787878787878788}
{"valid_idx": 28, "rouge1": 0.06000000000000001, "rouge2": 0.03517587939698493, "rougel": 0.055, "rouge1_recall": 0.032520325203252036, "rouge2_recall": 0.019021739130434784, "rougel_recall": 0.02981029810298103}
{"valid_idx": 29, "rouge1": 0.4615384615384615, "rouge2": 0.22222222222222227, "rougel": 0.3692307692307692, "rouge1_recall": 0.7142857142857143, "rouge2_recall": 0.35, "rougel_recall": 0.5714285714285714}
{"valid_idx": 30, "rouge1": 0.05228758169934641, "rouge2": 0.026490066225165563, "rougel": 0.05228758169934641, "rouge1_recall": 0.03076923076923077, "rouge2_recall": 0.015503875968992248, "rougel_recall": 0.03076923076923077}
{"valid_idx": 31, "rouge1": 0.21940928270042193, "rouge2": 0.17872340425531916, "rougel": 0.18565400843881857, "rouge1_recall": 0.13541666666666666, "rouge2_recall": 0.1099476439790576, "rougel_recall": 0.11458333333333333}
{"valid_idx": 32, "rouge1": 0.15894039735099338, "rouge2": 0.09395973154362416, "rougel": 0.14569536423841062, "rouge1_recall": 0.10256410256410256, "rouge2_recall": 0.0603448275862069, "rougel_recall": 0.09401709401709402}
{"valid_idx": 33, "rouge1": 0.25641025641025644, "rouge2": 0.07894736842105264, "rougel": 0.23076923076923078, "rouge1_recall": 0.22727272727272727, "rouge2_recall": 0.06976744186046512, "rougel_recall": 0.20454545454545456}
{"valid_idx": 34, "rouge1": 0.07246376811594205, "rouge2": 0.014705882352941178, "rougel": 0.07246376811594205, "rouge1_recall": 0.045454545454545456, "rouge2_recall": 0.009174311926605505, "rougel_recall": 0.045454545454545456}
{"valid_idx": 35, "rouge1": 0.12371134020618554, "rouge2": 0.042105263157894736, "rougel": 0.08247422680412371, "rouge1_recall": 0.09523809523809523, "rouge2_recall": 0.03225806451612903, "rougel_recall": 0.06349206349206349}
{"valid_idx": 36, "rouge1": 0.19834710743801653, "rouge2": 0.1512605042016807, "rougel": 0.19834710743801653, "rouge1_recall": 0.1348314606741573, "rouge2_recall": 0.10227272727272728, "rougel_recall": 0.1348314606741573}
{"valid_idx": 37, "rouge1": 0.17307692307692307, "rouge2": 0.06451612903225806,